index,time,lane,kind,x,y,ground,playerGround,angle,groundName,holdTime,endX,endGround,phase,before_event,min_distance,best_time,best_timing_ms,target_distance,target_delta_y,target_lag_x,status
1,1.27997732,0,0,215.309891,-49.09571,-51.9957123,-52.0017624,0.245214656,Tilempa_Cave1,0.0,215.309891,-51.9957123,cave,True,0.0010613073309381903,1.2804076995783642,0.43037957836422613,0.002297520168021362,0.0010700000000043453,0.0020285999999885007,Perfect
2,2.11199546,0,0,219.469971,-49.07791,-51.9779129,-51.983963,0.245214656,Tilempa_Cave1,0.0,219.469971,-51.9779129,cave,True,0.0010578385366983056,2.1127540349380483,0.7585749380480955,0.03623110961954034,0.0009031999999948859,-0.03621369999999047,Perfect
3,2.96532869,1,0,223.736649,-51.2696571,-51.9596558,-51.96569,0.245214656,Tilempa_Cave1,0.0,223.736649,-51.9596558,cave,True,0.0010502237818240945,2.966428258950322,1.0995689503219275,0.03214589715045877,0.0011887429999990484,0.0321184500000129,Perfect
4,3.75464845,0,0,227.683243,-49.0427856,-51.9427872,-51.9488,0.245214656,Tilempa_Cave1,0.0,227.683243,-51.9427872,cave,True,0.001031681852351588,3.7560603351220494,1.4118851220494832,0.019717633282969653,0.0009475999999950524,-0.01969574999998258,Perfect
5,4.71464872,0,0,232.483246,-49.0222321,-51.9222336,-51.9282532,0.245214656,Tilempa_Cave1,0.0,232.483246,-51.9222336,cave,True,0.0010436792954344285,4.716441896112143,1.7931761121436907,0.017814163972305244,0.0009679000000049065,-0.017790399999995543,Perfect
6,5.56798172,0,0,236.749908,-48.0082474,-50.90825,-50.91073,0.101503372,Tilempa_Cave1,0.0,236.749908,-50.90825,cave,True,0.28003363181310964,5.595280889317841,27.29916931784171,0.3242619956161739,-0.2792174000000016,0.16487459999999032,Great
7,6.421315,0,0,241.016571,-49.0086365,-51.908638,-51.0420227,0.242840976,Tilempa_Cave1,0.0,241.016571,-51.908638,cave,True,1.0171547390032767,6.431604092822923,10.289092822922896,1.0187810152709558,-1.0102143000000026,0.13184400000000096,Outside
8,7.295986,0,0,245.389923,-48.9901047,-51.8901062,-51.8960724,0.242840976,Tilempa_Cave1,0.0,245.389923,-51.8901062,cave,True,0.000980169912919544,7.321509360702282,25.523360702282005,0.10751173117718814,0.0014352999999958094,0.1075089999999932,Perfect
9,8.21331,1,0,249.976547,-50.9991951,-51.6891937,-51.8766251,45.33091,Tilempa_Cave1,0.0,249.976547,-51.6891937,cave,True,0.1824479533978905,8.239351827236623,26.041827236623405,0.20649867589673537,0.1828548430000001,0.09595000000001619,Perfect
10,9.045329,1,0,254.136642,-46.7907753,-47.4807739,-48.9071655,45.33091,Tilempa_Cave1,0.0,254.136642,-47.4807739,cave,True,0.8491712035162707,9.274034774750938,228.70577475093688,1.7519034813015646,1.686762342999997,0.473288000000025,Outside
11,9.898663,0,0,258.40332,-44.099968,-46.99997,-47.0150223,0.612146854,Tilempa_Cave1,0.0,258.40332,-46.99997,cave,True,0.005598005200800651,10.024716016954866,126.05301695486482,0.6391250751606388,-0.1457379999999957,0.6222819999999842,Perfect
12,10.6879816,1,0,262.3499,-46.2678032,-46.9578,-46.9728622,0.612146854,Tilempa_Cave1,0.0,262.3499,-46.9578,cave,True,0.005572317105997117,10.814706593373199,126.7249933731982,0.6730210090367557,0.012766742999999137,0.6729080000000067,Perfect
13,11.5626526,0,0,266.723267,-48.9958878,-51.89589,-51.90027,0.178196684,Tilempa_Cave1,0.0,266.723267,-51.89589,cave,True,2.972221565995755,12.258123850740946,695.4712507409457,7.717843979445111,-7.6906914,0.6468199999999911,Outside
14,12.458662,1,0,271.2033,-51.19195,-51.88195,-51.88633,0.178196684,Tilempa_Cave1,0.0,271.2033,-51.88195,cave,True,0.0006056463337100056,12.585521538954957,126.85953895495672,0.6274684135795615,0.001373642999999758,0.627476999999999,Perfect
15,14.1439905,1,0,279.629944,-51.1657372,-51.8557358,-51.86013,0.178196684,Tilempa_Cave1,0.0,279.629944,-51.8557358,cave,True,0.0007575492304024167,14.271264945035139,127.2744450351393,0.6561631889755487,0.0012955429999965684,0.6561704999999733,Perfect
16,15.5733109,0,0,286.77655,-48.93351,-51.83351,-51.8379059,0.178196684,Tilempa_Cave1,0.0,286.77655,-51.83351,cave,True,0.0008906728205942989,15.700934262056373,127.62336205637403,0.6045269770934841,0.0010000000000034426,0.6045305000000099,Perfect
17,15.9359865,1,0,288.589935,-51.137867,-51.8278656,-51.8322525,0.178196684,Tilempa_Cave1,0.0,288.589935,-51.8278656,cave,True,0.0009215623245021941,16.06370021004344,127.71371004343912,0.6183517396687942,0.001012942999998101,0.6183485000000246,Perfect
18,16.9599781,1,0,293.7099,-51.1219521,-51.81195,-51.8163452,0.178196684,Tilempa_Cave1,0.0,293.7099,-51.81195,cave,True,0.0010262142079459323,17.087941882021504,127.96378202150294,0.6395616532507872,0.0009750429999957344,0.6395514999999818,Perfect
19,17.9199772,1,0,298.5099,-51.10703,-51.7970276,-51.8014,0.178196684,Tilempa_Cave1,0.0,298.5099,-51.7970276,cave,True,0.001122147596605189,18.048176205807668,128.19900580766586,0.6407335178054009,0.0008825429999947954,0.6407190000000469,Perfect
20,18.6453285,0,0,302.136658,-48.88575,-51.78575,-51.79013,0.178196684,Tilempa_Cave1,0.0,302.136658,-51.78575,cave,True,0.0011895641436353336,18.773704952673167,128.3764526731659,0.6683587559622793,0.0009000000000001229,0.6683425000000511,Perfect
21,19.455986,1,0,306.189941,-51.08314,-51.77314,-51.77751,0.178196684,Tilempa_Cave1,0.0,306.189941,-51.77314,cave,True,0.0012614316676970894,19.58456028662687,128.57428662687198,0.6226412885015618,0.0006865429999993733,0.6226299999999583,Perfect
22,20.30932,1,0,310.4566,-51.0698662,-51.7598648,-51.7642441,0.178196684,Tilempa_Cave1,0.0,310.4566,-51.7598648,cave,True,0.001336605468401073,20.438097576724704,128.7775767247048,0.6903384014638574,0.0008237429999968793,0.690337999999997,Perfect
23,21.119978,0,0,314.5099,-48.8472443,-51.7472458,-51.75164,0.178196684,Tilempa_Cave1,0.0,314.5099,-51.7472458,cave,True,0.0013975280322405846,21.24895915571074,128.98115571073987,0.6446394476705241,0.0006194999999977746,0.644629000000009,Perfect
24,21.9519958,1,0,318.669983,-51.0443153,-51.734314,-51.73871,0.178196684,Tilempa_Cave1,0.0,318.669983,-51.734314,cave,True,0.0014838108440584131,22.081176062357546,129.1802623575471,0.6057470491898526,0.00041064300000104303,0.6057429999999613,Perfect
25,22.8906574,0,0,323.363281,-48.81971,-51.71971,-51.7241058,0.178196684,Tilempa_Cave1,0.0,323.363281,-51.71971,cave,True,0.0015637534724893165,23.020065469530387,129.4080695303883,0.6001812321908235,0.0003141000000028704,0.6001870000000054,Perfect
26,23.8079815,0,0,327.949921,-46.65197,-49.55197,-50.27527,27.1570148,Tilempa_Cave1,0.0,327.949921,-49.55197,cave,True,0.5834581905389481,24.020098751916276,212.1172519162755,1.3227368461327933,1.0609700000000033,0.7899075000000266,Good
27,24.6399765,0,0,332.1099,-44.5179749,-47.4179764,-48.1412735,27.1570148,Tilempa_Cave1,0.0,332.1099,-47.4179764,cave,True,0.5834579178905289,24.88696251784577,246.9860178457708,1.4541631643610209,1.1270919000000021,0.9188154999999938,Good
28,25.49331,0,0,336.376556,-42.3292465,-45.229248,-45.9525757,27.1570148,Tilempa_Cave1,0.0,336.376556,-45.229248,cave,True,0.5834656079756994,25.77605547060498,282.74547060497923,1.5991436765772906,1.198720599999993,1.0584499999999935,Good
29,26.367981,1,0,340.7499,-42.29581,-42.98581,-43.7091064,27.1570148,Tilempa_Cave1,0.0,340.7499,-42.98581,cave,True,0.5834568841779754,26.687378994255386,319.3979942553859,1.8596057022683659,1.3250572429999952,1.3047490000000153,Good
30,27.1999779,1,0,344.909882,-40.1618156,-40.8518143,-41.5751266,27.1570148,Tilempa_Cave1,0.0,344.909882,-40.8518143,cave,True,0.5834548195331638,27.55424263070569,354.26473070569034,1.9976942507416482,1.3911881429999997,1.4336665000000153,Good
31,28.0319958,1,0,349.069977,-38.02776,-38.71776,-39.4410629,27.1570148,Tilempa_Cave1,0.0,349.069977,-38.71776,cave,True,0.5834558927569276,28.421129668806596,389.13386880659573,2.1367979579580667,1.4573765430000012,1.5626790000000028,Good
32,28.9919949,0,0,353.869965,-34.75329,-37.65329,-37.65371,0.0167473182,Tilempa_Cave1,0.0,353.869965,-37.65329,cave,True,0.004484984416957777,29.353992633026262,361.9977330262607,1.7628875036194323,0.15857290000000157,1.7557505000000333,Perfect
33,29.84533,1,0,358.136658,-36.96204,-37.65204,-37.65246,0.0167473182,Tilempa_Cave1,0.0,358.136658,-37.65204,cave,True,0.004624561446192289,30.20728076351138,361.95076351138056,1.8365254069136974,-0.004064157000003066,1.836513000000025,Perfect
34,31.57331,1,0,366.77655,-36.9595222,-37.64952,-37.6499329,0.0167473182,Tilempa_Cave1,0.0,366.77655,-37.64952,cave,True,0.004744480083074398,31.935153355807387,361.84335580738747,1.7758868818787914,-0.004202257000003984,1.7758819999999673,Perfect
35,32.4906578,1,0,371.363281,-36.95818,-37.64818,-37.6485977,0.0167473182,Tilempa_Cave1,0.0,371.363281,-37.64818,cave,True,0.004800093258011035,32.85244472620898,361.78692620897834,1.7623380658861807,-0.004262956999995682,1.762341000000049,Perfect
36,33.2586632,1,0,375.2033,-36.9570427,-37.64704,-37.64747,0.0167473182,Tilempa_Cave1,0.0,375.2033,-37.64704,cave,True,0.004833404717150103,33.6203996687954,361.73646879539945,1.802125005182267,-0.004285357000001655,1.8021360000000186,Perfect
37,35.09331,0,0,384.376556,-34.74436,-37.6443634,-37.644783,0.0167473182,Tilempa_Cave1,0.0,384.376556,-37.6443634,cave,True,0.004952411477466843,35.45494083642296,361.630836422961,1.774819628903234,-0.004410000000001357,1.7748080000000073,Perfect
38,35.8613167,1,0,388.216583,-36.9532433,-37.64324,-37.64366,0.0167473182,Tilempa_Cave1,0.0,388.216583,-37.64324,cave,True,0.005007705751883321,36.222896490218346,361.5797902183431,1.8146143746372043,-0.004453356999996716,1.8146094999999605,Perfect
39,36.71465,1,0,392.483246,-36.9520073,-37.6420059,-37.64241,0.0167473182,Tilempa_Cave1,0.0,392.483246,-37.6420059,cave,True,0.0050716270885807985,37.07617783052437,361.5278305243734,1.7810156696388173,-0.0045294569999978496,1.7810140000000274,Perfect
40,38.14399,0,0,399.629944,-31.6179676,-34.5179672,-35.2341843,26.9286041,Tilempa_Cave1,0.0,399.629944,-34.5179672,cave,True,0.579254862848486,38.60252807177535,458.5380717753509,2.5568598028153793,1.6443362999999978,1.9579870000000597,Good
41,38.46399,1,0,401.22995,-33.01524,-33.70524,-34.4214554,26.9286041,Tilempa_Cave1,0.0,401.22995,-33.70524,cave,True,0.5792104045676726,38.93583307130504,471.8430713050381,2.6266519297995816,1.676729943000004,2.021850000000029,Good
42,39.59465,1,0,406.88324,-30.1435947,-30.8335953,-31.54982,26.9286041,Tilempa_Cave1,0.0,406.88324,-30.8335953,cave,True,0.5790745483361152,40.1134832525333,518.8332525332982,2.8247327163859346,1.7684331429999982,2.202680999999984,Good
43,40.06399,1,0,409.22995,-28.9515781,-29.6415787,-30.3577881,26.9286041,Tilempa_Cave1,0.0,409.22995,-29.6415787,cave,True,0.5790036394174414,40.60232885527541,538.3388552754127,2.9769208162181124,1.8387189430000024,2.3411899999999264,Good
44,41.0666428,1,0,414.243225,-26.4050388,-27.09504,-27.8112717,26.9286041,Tilempa_Cave1,0.0,414.243225,-27.09504,cave,True,0.578882151050392,41.64666313513109,580.0203351310955,3.211364603179987,1.9467130430000015,2.554038999999989,Good
45,41.8133125,0,0,417.976563,-22.8466358,-25.7466354,-25.9149017,0.408401281,Tilempa_Cave1,0.0,417.976563,-25.7466354,cave,True,0.09023335411737936,42.37826918269703,564.95668269703,3.007241946415128,1.441821699999997,2.6390625000000227,Perfect
46,43.6053276,1,0,426.936646,-24.99277,-25.68277,-25.6928177,0.408401281,Tilempa_Cave1,0.0,426.936646,-25.68277,cave,True,0.004984663388599665,44.16494832031765,559.6207203176461,2.8232577963153433,0.02513474300000129,2.8231380000000286,Perfect
47,44.9706573,0,0,433.763275,,,,,,0.0,433.763275,,cave,True,,,,,,,NotCreated
48,45.375988,1,0,435.789948,,,,,,0.0,435.789948,,cave,True,,,,,,,NotCreated
49,46.4426537,1,0,441.12326,,,,,,0.0,441.12326,,cave,True,,,,,,,NotCreated
50,47.082653,0,0,444.323273,,,,,,0.0,444.323273,,cave,True,,,,,,,NotCreated
51,47.957325,0,0,448.696625,,,,,,0.0,448.696625,,cave,True,,,,,,,NotCreated
52,48.7893181,1,0,452.8566,,,,,,0.0,452.8566,,cave,True,,,,,,,NotCreated
53,50.4746475,1,0,461.283234,,,,,,0.0,461.283234,,cave,True,,,,,,,NotCreated
54,52.159977,0,0,469.7099,,,,,,0.0,469.7099,,cave,True,,,,,,,NotCreated
55,54.3573227,0,0,480.696625,,,,,,0.0,480.696625,,cave,True,,,,,,,NotCreated
56,55.01866,1,1,484.0033,,,,,,1.5,491.5033,,cave,True,,,,,,,NotCreated
57,57.4506569,1,0,496.1633,,,,,,0.0,496.1633,,cave,True,,,,,,,NotCreated
58,58.38932,0,0,500.8566,,,,,,0.0,500.8566,,cave,True,,,,,,,NotCreated
59,59.1573257,0,0,504.696625,,,,,,0.0,504.696625,,cave,True,,,,,,,NotCreated
60,60.7359848,1,0,512.5899,,,,,,0.0,512.5899,,cave,True,,,,,,,NotCreated
61,61.7599754,0,0,517.7099,,,,,,0.0,517.7099,,cave,True,,,,,,,NotCreated
62,62.61331,1,0,521.976563,,,,,,0.0,521.976563,,cave,True,,,,,,,NotCreated
63,63.3173256,1,0,525.496643,,,,,,0.0,525.496643,,cave,True,,,,,,,NotCreated
64,64.3626556,0,0,530.723267,,,,,,0.0,530.723267,,cave,True,,,,,,,NotCreated
65,65.6853256,1,0,537.3366,,,,,,0.0,537.3366,,cave,True,,,,,,,NotCreated
66,66.15465,0,0,539.6832,,,,,,0.0,539.6832,,cave,True,,,,,,,NotCreated
67,66.8799744,1,0,543.3099,,,,,,0.0,543.3099,,cave,True,,,,,,,NotCreated
68,67.8186646,1,0,548.0033,,,,,,0.0,548.0033,,cave,True,,,,,,,NotCreated
69,68.60798,0,0,551.9499,,,,,,0.0,551.9499,,cave,True,,,,,,,NotCreated
70,69.46132,1,1,556.2166,,,,,,1.5,563.7166,,cave,True,,,,,,,NotCreated
71,73.002655,0,0,573.9233,,,,,,0.0,573.9233,,cave,True,,,,,,,NotCreated
72,74.34664,1,0,580.6432,,,,,,0.0,580.6432,,cave,True,,,,,,,NotCreated
73,74.70932,0,0,582.4566,,,,,,0.0,582.4566,,cave,True,,,,,,,NotCreated
74,75.73331,0,0,587.576538,,,,,,0.0,587.576538,,cave,True,,,,,,,NotCreated
75,76.52265,1,0,591.523254,,,,,,0.0,591.523254,,cave,True,,,,,,,NotCreated
76,78.1866455,0,0,599.8432,,,,,,0.0,599.8432,,cave,True,,,,,,,NotCreated
77,80.74664,1,0,612.6432,,,,,,0.0,612.6432,,cave,True,,,,,,,NotCreated
78,81.5999756,0,0,616.909851,,,,,,0.0,616.909851,,cave,True,,,,,,,NotCreated
79,82.96533,0,0,623.736633,,,,,,0.0,623.736633,,cave,True,,,,,,,NotCreated
80,83.4773254,0,0,626.296631,,,,,,0.0,626.296631,,cave,True,,,,,,,NotCreated
81,85.33331,0,0,635.576538,,,,,,0.0,635.576538,,cave,True,,,,,,,NotCreated
82,85.97331,0,0,638.77655,,,,,,0.0,638.77655,,cave,True,,,,,,,NotCreated
83,88.0426559,0,0,649.1233,,,,,,0.0,649.1233,,cave,True,,,,,,,NotCreated
84,88.59732,0,0,651.8966,,,,,,0.0,651.8966,,cave,True,,,,,,,NotCreated
85,90.34664,1,0,660.6432,,,,,,0.0,660.6432,,cave,True,,,,,,,NotCreated
86,91.24265,0,0,665.1233,,,,,,0.0,665.1233,,cave,True,,,,,,,NotCreated
87,92.0959854,0,0,669.389954,,,,,,0.0,669.389954,,cave,True,,,,,,,NotCreated
88,93.3759842,0,0,675.7899,,,,,,0.0,675.7899,,cave,True,,,,,,,NotCreated
89,93.80265,0,0,677.9233,,,,,,0.0,677.9233,,cave,True,,,,,,,NotCreated
90,95.5519943,0,0,686.67,,,,,,0.0,686.67,,cave,True,,,,,,,NotCreated
91,97.2799759,0,0,695.3099,,,,,,0.0,695.3099,,cave,True,,,,,,,NotCreated
92,98.90131,0,0,703.416565,,,,,,0.0,703.416565,,cave,True,,,,,,,NotCreated
