index,time,lane,kind,x,y,ground,playerGround,angle,groundName,holdTime,endX,endGround,phase,before_event,all_layer_ground,all_layer_id,min_distance,best_time,best_timing_ms,target_distance,target_delta_y,target_lag_x,status
1,1.27997732,0,0,10.1198864,-0.100000978,-3.000001,-3.000001,0.0,Tilemap,0.0,10.1198864,-3.000001,main,True,Tilemap,6,0.005000857999999872,1.2799779100000002,0.0005900000001890504,0.005002077562239771,-0.00500085799999983,-0.00011039999999873373,Perfect
2,2.11199546,0,0,14.2799768,-0.100000978,-3.000001,-3.000001,0.0,Tilemap,0.0,14.2799768,-3.000001,main,True,Tilemap,6,0.005000857999999872,2.1119927820288718,-0.002677971128406398,0.04034736540096097,-0.00500085799999983,-0.04003589999999946,Perfect
3,2.96532869,1,0,18.5466442,,,-3.000001,,,0.0,18.5466442,,main,True,Tilemap_Jump,0,,,,,,,NotCreated
4,3.75464845,0,0,22.4932423,,,,,,0.0,22.4932423,,main,True,Tilemap_Jump,0,,,,,,,NotCreated
5,4.71464872,0,0,27.2932434,,,,,,0.0,27.2932434,,main,True,Tilemap_Jump,0,,,,,,,NotCreated
6,5.56798172,0,0,31.5599079,,,,,,0.0,31.5599079,,main,True,Tilemap_Jump,0,,,,,,,NotCreated
7,6.421315,0,0,35.8265762,,,,,,0.0,35.8265762,,main,True,Tilemap_Jump,0,,,,,,,NotCreated
8,7.295986,0,0,40.1999321,,,,,,0.0,40.1999321,,main,True,,-1,,,,,,,NotCreated
9,8.21331,1,0,44.7865524,,,,,,0.0,44.7865524,,main,True,,-1,,,,,,,NotCreated
10,9.045329,1,0,48.9466438,,,,,,0.0,48.9466438,,main,True,Tilemap_Jump,0,,,,,,,NotCreated
11,9.898663,0,0,53.2133141,9.738316,6.838316,,45.0,Tilemap,0.0,53.2133141,6.838316,main,True,Tilemap,6,0.6303065930505884,9.955199968818333,56.5369688183317,0.6667919449506754,-0.6433630000000004,0.1752022000000082,Outside
12,10.6879816,1,0,57.15991,7.69000053,7.00000048,7.00000048,0.0,Tilemap,0.0,57.15991,7.00000048,main,True,Tilemap,6,0.006973526999999535,10.752103816180142,64.12221618014158,0.36058064931902456,-0.006973526999999757,0.360511300000006,Perfect
13,11.5626526,0,0,61.5332642,9.900001,7.00000048,7.00000048,0.0,Tilemap,0.0,61.5332642,7.00000048,main,True,Tilemap,6,0.010144861121557805,11.627116968080461,64.4643680804613,0.3349346314871356,-0.009863999999999873,0.3347880000000032,Perfect
14,12.458662,1,0,66.01331,7.064999,6.374999,7.00000048,0.0,Tilemap,0.0,66.01331,6.374999,main,True,Tilemap,6,0.6302080569999999,12.523221730105519,64.5597301055183,0.7050444456258972,-0.6302080570000002,0.316110000000009,Outside
15,14.1439905,1,0,74.43995,7.064999,6.374999,6.374999,0.0,Tilemap,0.0,74.43995,6.374999,main,True,Tilemap,6,0.009475806999999392,14.212627540020629,68.63704002062931,0.3632535236648198,-0.009475806999999614,0.36313249999999186,Perfect
16,15.5733109,0,0,81.5865555,9.274999,6.374999,6.374999,0.0,Tilemap,0.0,81.5865555,6.374999,main,True,Tilemap,6,0.009475750000000005,15.6419705891339,68.65968913390041,0.30999051059989696,-0.009475750000000449,0.30984449999999697,Perfect
17,15.9359865,1,0,83.39993,7.064999,6.374999,6.374999,0.0,Tilemap,0.0,83.39993,6.374999,main,True,Tilemap,6,0.009475806999999392,16.004651245259772,68.66474525977218,0.32338876794550264,-0.009475806999999614,0.3232525000000095,Perfect
18,16.9599781,1,0,88.51989,7.064999,6.374999,6.374999,0.0,Tilemap,0.0,88.51989,6.374999,main,True,Tilemap,6,0.009475806999999392,17.028657938708143,68.67983870814243,0.3434206651122151,-0.009475806999999614,0.34329050000000905,Perfect
19,17.9199772,1,0,93.3198853,6.768823,6.078823,6.078107,0.0291129351,Tilemap_VisualSlope,0.0,93.3198853,6.078823,main,True,Tilemap_VisualSlope,6,0.004266358807625913,17.988676574065835,68.69937406583304,0.34340393020409743,-0.004070057000000071,0.34338060000001747,Perfect
20,18.6453285,0,0,96.94664,8.980667,6.0806675,6.07995033,0.0291129351,Tilemap_VisualSlope,0.0,96.94664,6.0806675,main,True,Tilemap_VisualSlope,6,0.004288263085410953,18.714038295122737,68.70979512273578,0.3702128470966316,-0.004099389999999925,0.3701925000000159,Perfect
21,19.455986,1,0,100.999931,6.77272654,6.08272648,6.08201027,0.0291129351,Tilemap_VisualSlope,0.0,100.999931,6.08272648,main,True,Tilemap_VisualSlope,6,0.004296872115035869,19.524709508060052,68.723508060053,0.3235672914672387,-0.00413178699999972,0.32353999999999417,Perfect
22,20.30932,1,0,105.2666,8.744333,8.054333,7.32402945,27.3815765,Tilemap_VisualSlope,0.0,105.2666,8.054333,main,True,Tilemap_VisualSlope,6,0.5874384419083151,20.457724241723614,148.40424172361466,1.0348812871330157,0.9134769429999998,0.48635299999999404,Good
23,21.119978,0,0,109.319893,11.9994936,9.099494,9.102804,-0.13450928,Tilemap_VisualSlope,0.0,109.319893,9.099494,main,True,Tilemap_VisualSlope,6,0.17045655570105206,21.245161914967902,125.18391496790215,0.6104669644966217,-0.0811209000000015,0.6050500000000056,Perfect
24,21.9519958,1,0,113.47998,9.789715,9.099714,9.093039,29.8799438,Tilemap_VisualSlope,0.0,113.47998,9.099714,main,True,Tilemap_VisualSlope,6,0.0016726700829685136,22.07286636675729,120.87056675729002,0.5644560177335481,0.0003487429999988745,0.5644549999999953,Perfect
25,22.8906574,0,0,118.173286,14.0064154,11.1064157,10.9861746,-0.08842818,Tilemap_VisualSlope,0.0,118.173286,11.1064157,main,True,Tilemap_VisualSlope,6,0.032791197051609884,23.052060678665967,161.4032786659685,0.8379482305317939,0.4455668000000004,0.7096679999999935,Perfect
26,23.8079815,0,0,122.759911,14.9688034,12.0688038,11.583725,1.07104778,Tilemap_VisualSlope,0.0,122.759911,12.0688038,main,True,Tilemap_VisualSlope,6,0.37212953084328404,24.012536893358316,204.55539335831574,1.2044227954391178,0.8530546000000006,0.8502505000000014,Great
27,24.6399765,0,0,126.919884,15.9178543,13.0178547,13.0173168,0.0218665525,Tilemap_VisualSlope,0.0,126.919884,13.0178547,main,True,Tilemap_VisualSlope,6,0.1280779039787593,24.82842108804734,188.44458804733932,0.9987112379909096,0.3252092000000002,0.9442774999999983,Perfect
28,25.49331,0,0,131.186554,15.9194813,13.0194817,13.0189457,0.0218665525,Tilemap_VisualSlope,0.0,131.186554,13.0194817,main,True,Tilemap_VisualSlope,6,0.004462131476850976,25.688759283248515,195.4492832485144,0.9437230571254855,-0.0041002000000012195,0.94371000000001,Perfect
29,26.367981,1,0,135.5599,13.7111511,13.0211506,13.0206146,0.0218665525,Tilemap_VisualSlope,0.0,135.5599,13.0211506,main,True,Tilemap_VisualSlope,6,0.004461841888478161,26.56350895778327,195.5279577832698,1.0174620649712904,-0.004073657000000397,1.0174590000000023,Perfect
30,27.1999779,1,0,139.7199,13.3004189,12.6104183,13.0222025,-25.8322964,Tilemap_VisualSlope,0.0,139.7199,12.6104183,main,True,Tilemap_VisualSlope,6,0.41678199505206176,27.39555373682816,195.5758368281586,1.0628088483672113,-0.4164080569999993,0.9778274999999894,Good
31,28.0319958,1,0,143.879974,10.8279266,10.1379261,10.1387739,-0.0344443172,Tilemap_VisualSlope,0.0,143.879974,10.1379261,main,True,Tilemap_VisualSlope,6,0.43097018980527624,28.287066351611887,255.07055161188674,1.8290843307322722,-1.6094565570000008,0.8690269999999884,Good
32,28.9919949,0,0,148.679977,10.9810143,8.081015,8.086274,-0.213765487,Tilemap_VisualSlope,0.0,148.679977,8.081015,main,True,Tilemap_VisualSlope,6,0.030336672972228716,29.178473044075048,186.47814407504626,1.5431849571489953,-1.2752641000000007,0.8689745000000073,Perfect
33,29.84533,1,0,152.94664,5.785113,5.095113,5.0956316,-0.0211061276,Tilemap_VisualSlope,0.0,152.94664,5.095113,main,True,Tilemap_VisualSlope,6,0.30871358632486273,30.08,234.6699999999977,2.3189572083780274,-2.122335056999999,0.9344920000000059,Great
34,31.57331,1,0,161.586548,2.274735,1.58473492,2.30070114,-26.9203739,Tilemap_VisualSlope,0.0,161.586548,1.58473492,main,True,Tilemap_VisualSlope,6,0.6947660908402048,31.809701539031664,236.39153903166488,1.649783046205608,-1.3975639069999997,0.8766999999999996,Outside
35,32.4906578,1,0,166.1733,-0.234968662,-0.9249687,-0.92803,0.124407545,Tilemap_VisualSlope,0.0,166.1733,-0.9249687,main,True,Tilemap_VisualSlope,6,0.12442560030702816,32.66,169.34219999999556,1.360638258816294,-1.160695429,0.7100050000000238,Perfect
36,33.2586632,1,0,170.013321,-1.887012,-2.577012,-1.87871456,-26.346674,Tilemap_VisualSlope,0.0,170.013321,-2.577012,main,True,Tilemap_VisualSlope,6,0.6825938269912556,33.46148271372109,202.81951372108864,1.4101086714794453,-1.193448777,0.7510520000000156,Outside
37,35.09331,0,0,179.186554,-0.100000978,-3.000001,-3.000001,0.0,Tilemap,0.0,179.186554,-3.000001,main,True,Tilemap,6,0.009699367999999972,35.22000422976096,126.69422976095746,0.6001495337013477,-0.00969936799999993,0.6000670000000241,Perfect
38,35.8613167,1,0,183.026581,,,-3.000001,,,0.0,183.026581,,main,True,,-1,,,,,,,NotCreated
39,36.71465,1,0,187.293243,,,,,,0.0,187.293243,,main,True,Tilemap_Jump,0,,,,,,,NotCreated
40,38.14399,0,0,194.439941,,,,,,0.0,194.439941,,main,True,,-1,,,,,,,NotCreated
41,38.46399,1,0,196.039948,,,,,,0.0,196.039948,,main,True,Tilemap_Jump,0,,,,,,,NotCreated
42,39.59465,1,0,201.693253,,,,,,0.0,201.693253,,main,False,,-1,,,,,,,NotCreated
43,40.06399,1,0,204.039963,,,,,,0.0,204.039963,,main,False,,-1,,,,,,,NotCreated
44,41.0666428,1,0,209.0532,,,,,,0.0,209.0532,,main,False,Tilemap_Jump,0,,,,,,,NotCreated
45,41.8133125,0,0,212.78656,,,,,,0.0,212.78656,,main,False,Tilempa_Cave1,6,,,,,,,NotCreated
46,43.6053276,1,0,221.746643,,,,,,0.0,221.746643,,main,False,Tilempa_Cave1,6,,,,,,,NotCreated
47,44.9706573,0,0,228.573288,,,,,,0.0,228.573288,,main,False,Tilempa_Cave1,6,,,,,,,NotCreated
48,45.375988,1,0,230.599945,,,,,,0.0,230.599945,,main,False,Tilempa_Cave1,6,,,,,,,NotCreated
49,46.4426537,1,0,235.933273,,,,,,0.0,235.933273,,main,False,Tilempa_Cave1,6,,,,,,,NotCreated
50,47.082653,0,0,239.13327,,,,,,0.0,239.13327,,main,False,Tilempa_Cave1,6,,,,,,,NotCreated
51,47.957325,0,0,243.506622,,,,,,0.0,243.506622,,main,False,Tilempa_Cave1,6,,,,,,,NotCreated
52,48.7893181,1,0,247.6666,,,,,,0.0,247.6666,,main,False,Tilempa_Cave1,6,,,,,,,NotCreated
53,50.4746475,1,0,256.093231,,,,,,0.0,256.093231,,main,False,Tilempa_Cave1,6,,,,,,,NotCreated
54,52.159977,0,0,264.5199,,,,,,0.0,264.5199,,main,False,Tilempa_Cave1,6,,,,,,,NotCreated
55,54.3573227,0,0,275.506622,,,,,,0.0,275.506622,,main,False,Tilempa_Cave1,6,,,,,,,NotCreated
56,55.01866,1,1,278.8133,,,,,,1.5,286.3133,,main,False,Tilempa_Cave1,6,,,,,,,NotCreated
57,57.4506569,1,0,290.9733,,,,,,0.0,290.9733,,main,False,Tilempa_Cave1,6,,,,,,,NotCreated
58,58.38932,0,0,295.6666,,,,,,0.0,295.6666,,main,False,Tilempa_Cave1,6,,,,,,,NotCreated
59,59.1573257,0,0,299.506622,,,,,,0.0,299.506622,,main,False,Tilempa_Cave1,6,,,,,,,NotCreated
60,60.7359848,1,0,307.399933,,,,,,0.0,307.399933,,main,False,Tilempa_Cave1,6,,,,,,,NotCreated
61,61.7599754,0,0,312.519867,,,,,,0.0,312.519867,,main,False,Tilempa_Cave1,6,,,,,,,NotCreated
62,62.61331,1,0,316.78656,,,,,,0.0,316.78656,,main,False,Tilempa_Cave1,6,,,,,,,NotCreated
63,63.3173256,1,0,320.306641,,,,,,0.0,320.306641,,main,False,Tilempa_Cave1,6,,,,,,,NotCreated
64,64.3626556,0,0,325.533264,,,,,,0.0,325.533264,,main,False,Tilempa_Cave1,6,,,,,,,NotCreated
65,65.6853256,1,0,332.146637,,,,,,0.0,332.146637,,main,False,Tilempa_Cave1,6,,,,,,,NotCreated
66,66.15465,0,0,334.493225,,,,,,0.0,334.493225,,main,False,Tilempa_Cave1,6,,,,,,,NotCreated
67,66.8799744,1,0,338.119873,,,,,,0.0,338.119873,,main,False,Tilempa_Cave1,6,,,,,,,NotCreated
68,67.8186646,1,0,342.813324,,,,,,0.0,342.813324,,main,False,Tilempa_Cave1,6,,,,,,,NotCreated
69,68.60798,0,0,346.7599,,,,,,0.0,346.7599,,main,False,Tilempa_Cave1,6,,,,,,,NotCreated
70,69.46132,1,1,351.026581,,,,,,1.5,358.526581,,main,False,Tilempa_Cave1,6,,,,,,,NotCreated
71,73.002655,0,0,368.733276,,,,,,0.0,368.733276,,main,False,Tilempa_Cave1,6,,,,,,,NotCreated
72,74.34664,1,0,375.453217,,,,,,0.0,375.453217,,main,False,Tilempa_Cave1,6,,,,,,,NotCreated
73,74.70932,0,0,377.2666,,,,,,0.0,377.2666,,main,False,Tilempa_Cave1,6,,,,,,,NotCreated
74,75.73331,0,0,382.386536,,,,,,0.0,382.386536,,main,False,Tilempa_Cave1,6,,,,,,,NotCreated
75,76.52265,1,0,386.333252,,,,,,0.0,386.333252,,main,False,Tilempa_Cave1,6,,,,,,,NotCreated
76,78.1866455,0,0,394.653229,,,,,,0.0,394.653229,,main,False,Tilempa_Cave1,6,,,,,,,NotCreated
77,80.74664,1,0,407.453217,,,,,,0.0,407.453217,,main,False,Tilempa_Cave1,6,,,,,,,NotCreated
78,81.5999756,0,0,411.719879,-25.476799,-28.3767986,-29.0930176,26.9286041,Tilempa_Cave1,0.0,411.719879,-28.3767986,main,False,Tilempa_Cave1,6,,,,,,,AfterEvent
79,82.96533,0,0,418.546661,-22.8425732,-25.7425728,-25.7526245,0.408401281,Tilempa_Cave1,0.0,418.546661,-25.7425728,main,False,Tilempa_Cave1,6,,,,,,,AfterEvent
80,83.4773254,0,0,421.106628,-22.8243256,-25.7243252,-25.7343788,0.408401281,Tilempa_Cave1,0.0,421.106628,-25.7243252,main,False,Tilempa_Cave1,6,,,,,,,AfterEvent
81,85.33331,0,0,430.386566,,,,,,0.0,430.386566,,main,False,Tilempa_Cave1 (1),0,,,,,,,NotCreated
82,85.97331,0,0,433.586548,,,,,,0.0,433.586548,,main,False,Tilempa_Cave1 (1),0,,,,,,,NotCreated
83,88.0426559,0,0,443.9333,,,,,,0.0,443.9333,,main,False,Tilempa_Cave1 (1),0,,,,,,,NotCreated
84,88.59732,0,0,446.7066,,,,,,0.0,446.7066,,main,False,Tilempa_Cave1 (1),0,,,,,,,NotCreated
85,90.34664,1,0,455.453217,,,,,,0.0,455.453217,,main,False,Tilempa_Cave1 (1),0,,,,,,,NotCreated
86,91.24265,0,0,459.933258,,,,,,0.0,459.933258,,main,False,Tilempa_Cave1 (1),0,,,,,,,NotCreated
87,92.0959854,0,0,464.199921,,,,,,0.0,464.199921,,main,False,Tilempa_Cave1 (1),0,,,,,,,NotCreated
88,93.3759842,0,0,470.5999,,,,,,0.0,470.5999,,main,False,Tilempa_Cave1 (1),0,,,,,,,NotCreated
89,93.80265,0,0,472.733246,,,,,,0.0,472.733246,,main,False,Tilempa_Cave1 (1),0,,,,,,,NotCreated
90,95.5519943,0,0,481.47998,,,,,,0.0,481.47998,,main,False,Tilempa_Cave1 (1),0,,,,,,,NotCreated
91,97.2799759,0,0,490.119873,,,,,,0.0,490.119873,,main,False,,-1,,,,,,,NotCreated
92,98.90131,0,0,498.226563,,,,,,0.0,498.226563,,main,False,,-1,,,,,,,NotCreated
